algorithm,community_id,size,year_start,year_end,span_years,temporal_entropy,num_eras,dominant_era,num_countries,geographic_entropy,dominant_country,country_dominance,pagerank_mean,pagerank_std,pagerank_cv,gini_pagerank
Louvain,0,76,1992,2012,20,0.6895092649964162,2,Era Moderna (2000+),14,3.172695807082217,AUS,0.25,0.0009611674606779533,0.0010417753173526953,1.0838645293067721,0.41506326073023225
Louvain,1,32,1932,1936,4,0.0,1,Entre Guerras (1920-1949),3,1.5612781244591325,JPN,0.375,0.0009513714471230397,0.0009335591929612575,0.9812772874194967,0.3885868090566338
Louvain,2,38,1980,1988,8,0.0,1,Pós-Guerra Fria (1980-1999),6,2.2643943853568818,URS,0.39473684210526316,0.0009915512087664744,0.0010007575217097062,1.0092847579245905,0.40808351136731047
Louvain,3,139,2004,2016,12,0.8359399258935529,1,Era Moderna (2000+),22,3.3712538961531284,USA,0.28776978417266186,0.0013787570288490193,0.0031889223434068323,2.3128965268586383,0.5825302427826662
Louvain,4,3,1948,1948,0,0.0,1,Entre Guerras (1920-1949),1,0.0,USA,1.0,0.0006603240204636486,0.00027137293485743016,0.41096935208700236,0.2155559806638887
Louvain,5,3,1948,1948,0,0.0,1,Entre Guerras (1920-1949),2,0.9182958340544894,USA,0.6666666666666666,0.0006805500487904642,0.0002597363335433769,0.38165647626505067,0.20568899595800816
Louvain,6,3,1952,1952,0,0.0,1,Guerra Fria (1950-1979),3,1.584962500721156,AUS,0.3333333333333333,0.0006367269874156968,0.00029016339050282183,0.45571084034071935,0.2278597464824199
Louvain,7,3,1896,1896,0,0.0,1,Era Pioneira (1896-1919),3,1.584962500721156,GRE,0.3333333333333333,0.0007075180865595518,0.00025166397743079305,0.35569970890010666,0.1934105687166212
Louvain,8,45,1912,1932,20,0.7768279182625699,2,Entre Guerras (1920-1949),12,2.9845473997932985,USA,0.3111111111111111,0.0009649549356226356,0.0009907685660003286,1.02675112528549,0.4096772926182686
Louvain,9,3,1924,1924,0,0.0,1,Entre Guerras (1920-1949),2,0.9182958340544894,USA,0.6666666666666666,0.0006603240204636486,0.00027137293485743016,0.41096935208700236,0.2155559806638887
Louvain,10,168,1980,2000,20,1.1380977138239696,2,Pós-Guerra Fria (1980-1999),26,3.7738418414200163,USA,0.27976190476190477,0.0010534392271479066,0.0014605373759681848,1.3864467340203956,0.4648891693320367
Louvain,11,8,1980,1980,0,0.0,1,Pós-Guerra Fria (1980-1999),6,2.5,URS,0.25,0.0006715098155725161,0.00039178316814637826,0.5834362492711318,0.27502004467885177
Louvain,12,65,1900,1924,24,1.3909192829724866,2,Era Pioneira (1896-1919),9,2.627879471669186,USA,0.38461538461538464,0.001005774204582045,0.001181653571022405,1.1748696334019102,0.43536308129849566
Louvain,13,3,1900,1900,0,0.0,1,Era Pioneira (1896-1919),2,0.9182958340544894,FRA,0.6666666666666666,0.0006367269874156968,0.00029016339050282183,0.45571084034071935,0.2278597464824199
Louvain,14,45,1972,1976,4,0.0,1,Guerra Fria (1950-1979),9,2.4036815000729073,USA,0.4666666666666667,0.000950629425639955,0.0008932116091859387,0.9396002112859455,0.39847701937844504
Louvain,15,3,1984,1984,0,0.0,1,Pós-Guerra Fria (1980-1999),2,0.9182958340544894,USA,0.6666666666666666,0.0007644026908611933,0.00046995910009917726,0.6148056590037781,0.3011522438546579
Louvain,16,3,2016,2016,0,0.0,1,Era Moderna (2000+),3,1.584962500721156,KAZ,0.3333333333333333,0.0006367269874156968,0.00029016339050282183,0.45571084034071935,0.2278597464824199
Louvain,17,3,1896,1896,0,0.0,1,Era Pioneira (1896-1919),1,0.0,GRE,1.0,0.0006603240204636486,0.00027137293485743016,0.41096935208700236,0.2155559806638887
Louvain,18,3,1956,1956,0,0.0,1,Guerra Fria (1950-1979),2,0.9182958340544894,JPN,0.6666666666666666,0.0006400979921368328,0.0002871709178797421,0.4486358673319413,0.22604652587023244
Louvain,19,3,2016,2016,0,0.0,1,Era Moderna (2000+),3,1.584962500721156,GRE,0.3333333333333333,0.0006603240204636486,0.00027137293485743016,0.41096935208700236,0.2155559806638887
Louvain,20,6,1928,1936,8,0.6500224216483541,1,Entre Guerras (1920-1949),3,1.459147917027245,JPN,0.5,0.0007032805709805916,0.0003104310644542195,0.4414042947630163,0.2320622737429361
Louvain,21,3,1908,1908,0,0.0,1,Era Pioneira (1896-1919),2,0.9182958340544894,GBR,0.6666666666666666,0.0006839210535116002,0.00025824392452847034,0.37759317863153075,0.2041012378931002
Louvain,22,11,1988,2000,12,1.3092966682370037,2,Pós-Guerra Fria (1980-1999),6,2.368522527728207,USA,0.36363636363636365,0.0008514438176996687,0.0004913911585173722,0.5771269322795194,0.3113368804467862
Louvain,23,68,1956,1968,12,0.1105808447698871,1,Guerra Fria (1950-1979),7,2.0965813022231994,USA,0.4117647058823529,0.0013439581576978757,0.0022715584695157717,1.6902002912105707,0.5468689372790039
Louvain,24,5,1932,1936,4,0.0,1,Entre Guerras (1920-1949),2,0.9709505944546688,JPN,0.6,0.0006149201305624449,0.00022017999108811924,0.3580627469241065,0.18953931388896472
Louvain,25,83,1964,1976,12,0.9998952874186193,1,Guerra Fria (1950-1979),9,2.4344093898320875,USA,0.4457831325301205,0.0010132560151410765,0.0011099995315212298,1.0954778604168303,0.4201993629963272
Louvain,26,3,1956,1956,0,0.0,1,Guerra Fria (1950-1979),3,1.584962500721156,JPN,0.3333333333333333,0.0006603240204636486,0.00027137293485743016,0.41096935208700236,0.2155559806638887
Louvain,27,3,1896,1896,0,0.0,1,Era Pioneira (1896-1919),2,0.9182958340544894,GRE,0.6666666666666666,0.0006839210535116002,0.00025824392452847034,0.37759317863153075,0.2041012378931002
Louvain,28,3,2021,2021,0,0.0,1,Era Moderna (2000+),3,1.584962500721156,TUN,0.3333333333333333,0.0006400979921368328,0.0002871709178797421,0.4486358673319413,0.22604652587023244
Louvain,29,4,1996,2000,4,0.8112781244591328,2,Era Moderna (2000+),3,1.5,AUS,0.5,0.0008080467906587199,0.00038632010350313526,0.47809125408221353,0.25770943328075124
Louvain,30,50,1948,1960,12,1.153398942778747,2,Guerra Fria (1950-1979),8,2.57966695315644,USA,0.4,0.0008911959930963713,0.0007538189693673292,0.845850940990276,0.36980917277022884
Louvain,31,14,1900,1900,0,0.0,1,Era Pioneira (1896-1919),3,1.1981174211304033,FRA,0.6428571428571429,0.0009148470787418813,0.0006029424656635958,0.6590636617573028,0.33157323762867486
Louvain,32,3,1908,1908,0,0.0,1,Era Pioneira (1896-1919),3,1.584962500721156,GER,0.3333333333333333,0.0006400979921368328,0.0002871709178797421,0.4486358673319413,0.22604652587023244
Louvain,33,3,2021,2021,0,0.0,1,Era Moderna (2000+),2,0.9182958340544894,USA,0.6666666666666666,0.0006400979921368328,0.0002871709178797421,0.4486358673319413,0.22604652587023244
Louvain,34,51,2021,2021,0,0.0,1,Era Moderna (2000+),13,3.1420023052918706,USA,0.19607843137254902,0.0007247820422546129,0.0004956457780463998,0.683854937278208,0.3059581610150566
Louvain,35,3,2012,2012,0,0.0,1,Era Moderna (2000+),3,1.584962500721156,HUN,0.3333333333333333,0.0007499378372284791,0.00044158268925105623,0.5888257230532586,0.2905820721605772
Louvain,36,3,1952,1952,0,0.0,1,Guerra Fria (1950-1979),2,0.9182958340544894,USA,0.6666666666666666,0.0006805500487904642,0.0002597363335433769,0.38165647626505067,0.20568899595800816
Louvain,37,4,1904,1904,0,0.0,1,Era Pioneira (1896-1919),2,0.8112781244591328,GER,0.75,0.0006644455076797873,0.00040978120524682665,0.6167265795471528,0.28041242044031
Louvain,38,4,2021,2021,0,0.0,1,Era Moderna (2000+),4,2.0,USA,0.25,0.0006786654452803713,0.00039665832838470694,0.5844681369048321,0.26950989974473183
Infomap,0,22,1920,1932,12,0.5746356978376794,1,Entre Guerras (1920-1949),7,2.333481621675163,SWE,0.3181818181818182,0.0010339208911662168,0.0011565744591435733,1.118629547990861,0.4413193108766096
Infomap,1,16,1936,1936,0,0.0,1,Entre Guerras (1920-1949),3,1.5612781244591325,JPN,0.375,0.0010425325694320355,0.0010903345357942723,1.0458517726580754,0.4313594683478603
Infomap,2,45,1968,1976,8,0.43275015878875406,1,Guerra Fria (1950-1979),7,2.4580213020871606,USA,0.37777777777777777,0.0012042214188121632,0.0013960239853483326,1.1592751661279719,0.4618381816815853
Infomap,3,32,2012,2016,4,0.0,1,Era Moderna (2000+),9,2.5608203810934294,USA,0.34375,0.002431846891277617,0.00597611925894933,2.4574405898595297,0.7151356742097781
Infomap,4,19,1980,1984,4,0.0,1,Pós-Guerra Fria (1980-1999),4,1.7863012011716395,URS,0.3684210526315789,0.0011737809182534769,0.0013124139226781226,1.1181080747427077,0.47270194606332505
Infomap,5,65,1900,1924,24,1.3909192829724866,2,Era Pioneira (1896-1919),9,2.627879471669186,USA,0.38461538461538464,0.001005774204582045,0.001181653571022405,1.1748696334019102,0.43536308129849566
Infomap,6,51,2004,2016,12,0.8478617451660525,1,Era Moderna (2000+),13,3.1284188267416666,USA,0.21568627450980393,0.0010960940324416554,0.0017306764140733943,1.5789488518773753,0.5111209404948609
Infomap,7,3,1896,1896,0,0.0,1,Era Pioneira (1896-1919),3,1.584962500721156,GRE,0.3333333333333333,0.0007075180865595518,0.00025166397743079305,0.35569970890010666,0.1934105687166212
Infomap,8,19,1920,1928,8,0.0,1,Entre Guerras (1920-1949),5,1.9526832779469114,USA,0.42105263157894735,0.0009412571776811079,0.0008428472339548432,0.8954484002249964,0.37287232611738097
Infomap,9,65,1984,1996,12,0.961236604722876,1,Pós-Guerra Fria (1980-1999),16,3.378234736467895,USA,0.27692307692307694,0.0012928238942719677,0.0019427772269959528,1.5027392637185093,0.5217015212356919
Infomap,10,8,1980,1980,0,0.0,1,Pós-Guerra Fria (1980-1999),6,2.5,URS,0.25,0.0006715098155725161,0.00039178316814637826,0.5834362492711318,0.27502004467885177
Infomap,11,14,1984,1984,0,0.0,1,Pós-Guerra Fria (1980-1999),6,2.263809173883547,USA,0.35714285714285715,0.0007972406925909074,0.0004926510776050666,0.6179452230467911,0.302629956191401
Infomap,12,33,1960,1968,8,0.0,1,Guerra Fria (1950-1979),5,1.9957293370065474,USA,0.42424242424242425,0.0010775665447575792,0.0014071035799917758,1.3058159487573298,0.4516545278738211
Infomap,13,23,1972,1976,4,0.0,1,Guerra Fria (1950-1979),6,2.0570812624395973,USA,0.43478260869565216,0.0008228081458287558,0.0006232069796681261,0.7574146936044419,0.34322594952415053
Infomap,14,3,2016,2016,0,0.0,1,Era Moderna (2000+),3,1.584962500721156,KAZ,0.3333333333333333,0.0006367269874156968,0.00029016339050282183,0.45571084034071935,0.2278597464824199
Infomap,15,2,1988,1988,0,0.0,1,Pós-Guerra Fria (1980-1999),2,1.0,GDR,0.5,0.0005801117119518466,0.00017300040162766882,0.29821911549689434,0.14910955774844714
Infomap,16,13,1932,1932,0,0.0,1,Entre Guerras (1920-1949),3,1.5766212201074914,USA,0.38461538461538464,0.0008736324085457576,0.0008041926970719309,0.9205160994549005,0.35185092480976565
Infomap,17,15,1980,1984,4,0.0,1,Pós-Guerra Fria (1980-1999),4,1.7464657985040721,SWE,0.4666666666666667,0.000957082169948553,0.001000038117156724,1.0448821935638817,0.4246807301526656
Infomap,18,7,1988,1996,8,0.8631205685666311,1,Pós-Guerra Fria (1980-1999),5,2.1280852788913944,HUN,0.42857142857142855,0.0007676552267293469,0.000391495189366818,0.5099883069054487,0.27474380117292596
Infomap,19,4,1912,1912,0,0.0,1,Era Pioneira (1896-1919),2,0.8112781244591328,GER,0.75,0.0006982065303551963,0.00046016896942739307,0.659072852259478,0.3016071046138675
Infomap,20,11,1988,2000,12,1.3092966682370037,2,Pós-Guerra Fria (1980-1999),6,2.368522527728207,USA,0.36363636363636365,0.0008514438176996687,0.0004913911585173722,0.5771269322795194,0.3113368804467862
Infomap,21,18,1964,1968,4,0.0,1,Guerra Fria (1950-1979),4,1.6758220575766962,USA,0.5,0.0008335845411771855,0.0005922312776019156,0.7104633643584229,0.340561807068414
Infomap,22,24,1956,1964,8,0.24988229283318544,1,Guerra Fria (1950-1979),4,1.75,USA,0.375,0.0017938171892739067,0.003322488067635339,1.8521887779323827,0.6342333316747661
Infomap,23,22,1992,1996,4,0.0,1,Pós-Guerra Fria (1980-1999),8,2.5839259400536596,USA,0.3181818181818182,0.000784149829689413,0.0005678494120600313,0.724159325884118,0.31779421739991065
Infomap,24,15,2016,2016,0,0.0,1,Era Moderna (2000+),4,1.7819370635467042,USA,0.4,0.000944419000759088,0.0006948483678603306,0.7357416224174206,0.3584052239218938
Infomap,25,2,1984,1984,0,0.0,1,Pós-Guerra Fria (1980-1999),2,1.0,AUS,0.5,0.0008140404185261524,0.00024269323853533844,0.29813413807479333,0.14906706903739653
Infomap,26,31,1948,1952,4,0.9932338197397066,2,Guerra Fria (1950-1979),6,2.15378521641483,USA,0.45161290322580644,0.0008773588617635186,0.0006966514814251612,0.7940325353583026,0.3538735701209339
Infomap,27,14,1900,1900,0,0.0,1,Era Pioneira (1896-1919),3,1.1981174211304033,FRA,0.6428571428571429,0.0009148470787418813,0.0006029424656635958,0.6590636617573028,0.33157323762867486
Infomap,28,37,1992,2004,12,0.5713549744279548,2,Pós-Guerra Fria (1980-1999),6,2.363179615056203,USA,0.2972972972972973,0.0010731210130391722,0.0014169103028882383,1.3203639530600793,0.46980615294263117
Infomap,29,3,1908,1908,0,0.0,1,Era Pioneira (1896-1919),3,1.584962500721156,GER,0.3333333333333333,0.0006400979921368328,0.0002871709178797421,0.4486358673319413,0.22604652587023244
Infomap,30,17,1976,1976,0,0.0,1,Guerra Fria (1950-1979),4,1.7345216647797514,USA,0.47058823529411764,0.0012074483417797253,0.0012113845371676973,1.0032599286046227,0.4578687922532192
Infomap,31,44,1992,2008,16,0.3591016256485496,2,Era Moderna (2000+),9,2.6499481955839457,USA,0.25,0.0009525210431601152,0.000800275212044453,0.8401653882516165,0.38659264599593146
Infomap,32,51,2000,2012,12,0.8739810481273579,1,Era Moderna (2000+),10,2.6329682875758174,USA,0.27450980392156865,0.000985811352400695,0.0011395012149272965,1.155901899640665,0.42762963279582356
Infomap,33,3,1952,1952,0,0.0,1,Guerra Fria (1950-1979),2,0.9182958340544894,USA,0.6666666666666666,0.0006805500487904642,0.0002597363335433769,0.38165647626505067,0.20568899595800816
Infomap,34,4,1904,1904,0,0.0,1,Era Pioneira (1896-1919),2,0.8112781244591328,GER,0.75,0.0006644455076797873,0.00040978120524682665,0.6167265795471528,0.28041242044031
Infomap,35,19,1952,1960,8,0.6292492238560347,1,Guerra Fria (1950-1979),5,2.0890038287775923,USA,0.3157894736842105,0.0009137723652710252,0.0008382786383207551,0.9173823483621343,0.39149473859413964
Infomap,36,19,1980,1988,8,0.0,1,Pós-Guerra Fria (1980-1999),4,1.8474201200521745,URS,0.42105263157894735,0.000809321499279472,0.0004628018971852789,0.5718393711242136,0.2901038275929495
Infomap,37,20,1968,1968,0,0.0,1,Guerra Fria (1950-1979),6,1.9804820237218406,USA,0.5,0.0010097009154006928,0.0008721743235573439,0.8637947240160989,0.39197220943475
Infomap,38,5,2000,2008,8,0.0,1,Era Moderna (2000+),2,0.9709505944546688,BRA,0.6,0.002036336251067967,0.0027779407443784326,1.3641856755835522,0.5940686175648313
Infomap,39,5,1984,1984,0,0.0,1,Pós-Guerra Fria (1980-1999),3,1.5219280948873626,USA,0.4,0.0010971464364047646,0.001340716302697498,1.222003060130138,0.50075915924312
Infomap,40,3,1948,1948,0,0.0,1,Entre Guerras (1920-1949),1,0.0,USA,1.0,0.0006603240204636486,0.00027137293485743016,0.41096935208700236,0.2155559806638887
Infomap,41,6,2008,2012,4,0.9182958340544894,1,Era Moderna (2000+),5,2.251629167387823,CAN,0.3333333333333333,0.0007598944835273965,0.00037509570229922733,0.49361550903495144,0.2603807901672648
Infomap,42,3,1948,1948,0,0.0,1,Entre Guerras (1920-1949),2,0.9182958340544894,USA,0.6666666666666666,0.0006805500487904642,0.0002597363335433769,0.38165647626505067,0.20568899595800816
Infomap,43,11,1964,1964,0,0.0,1,Guerra Fria (1950-1979),4,1.617189572592715,USA,0.5454545454545454,0.0006808719604400427,0.000512005676845937,0.7519852580139023,0.2916463089699193
Infomap,44,3,1932,1936,4,0.0,1,Entre Guerras (1920-1949),2,0.9182958340544894,JPN,0.6666666666666666,0.0008020479619766165,0.0002462517317929604,0.3070286858981381,0.1640278736330203
Infomap,45,3,1952,1952,0,0.0,1,Guerra Fria (1950-1979),3,1.584962500721156,AUS,0.3333333333333333,0.0006367269874156968,0.00029016339050282183,0.45571084034071935,0.2278597464824199
Infomap,46,3,1924,1924,0,0.0,1,Entre Guerras (1920-1949),2,0.9182958340544894,USA,0.6666666666666666,0.0006603240204636486,0.00027137293485743016,0.41096935208700236,0.2155559806638887
Infomap,47,3,2016,2016,0,0.0,1,Era Moderna (2000+),2,0.9182958340544894,ITA,0.6666666666666666,0.0007802077262611314,0.00043758273767958224,0.5608541455703626,0.28487190633668447
Infomap,48,3,1900,1900,0,0.0,1,Era Pioneira (1896-1919),2,0.9182958340544894,FRA,0.6666666666666666,0.0006367269874156968,0.00029016339050282183,0.45571084034071935,0.2278597464824199
Infomap,49,3,1984,1984,0,0.0,1,Pós-Guerra Fria (1980-1999),2,0.9182958340544894,USA,0.6666666666666666,0.0007644026908611933,0.00046995910009917726,0.6148056590037781,0.3011522438546579
Infomap,50,3,1896,1896,0,0.0,1,Era Pioneira (1896-1919),1,0.0,GRE,1.0,0.0006603240204636486,0.00027137293485743016,0.41096935208700236,0.2155559806638887
Infomap,51,3,1992,1996,4,0.0,1,Pós-Guerra Fria (1980-1999),3,1.584962500721156,FRA,0.3333333333333333,0.0005271156379070964,0.00010616480392870903,0.2014070467539809,0.10926413720797146
Infomap,52,4,2000,2000,0,0.0,1,Era Moderna (2000+),3,1.5,ITA,0.5,0.0006954219340554745,0.0004733372761425029,0.680647608254393,0.3108195613882214
Infomap,53,5,1972,1976,4,0.0,1,Guerra Fria (1950-1979),3,1.370950594454669,USA,0.6,0.0006654229978962518,0.00015419259420946455,0.23172116788410912,0.11655123071427331
Infomap,54,3,1956,1956,0,0.0,1,Guerra Fria (1950-1979),2,0.9182958340544894,JPN,0.6666666666666666,0.0006400979921368328,0.0002871709178797421,0.4486358673319413,0.22604652587023244
Infomap,55,3,2016,2016,0,0.0,1,Era Moderna (2000+),3,1.584962500721156,GRE,0.3333333333333333,0.0006603240204636486,0.00027137293485743016,0.41096935208700236,0.2155559806638887
Infomap,56,4,1996,2000,4,0.8112781244591328,2,Era Moderna (2000+),3,1.5,AUS,0.5,0.0008080467906587199,0.00038632010350313526,0.47809125408221353,0.25770943328075124
Infomap,57,3,2012,2012,0,0.0,1,Era Moderna (2000+),3,1.584962500721156,HUN,0.3333333333333333,0.0007499378372284791,0.00044158268925105623,0.5888257230532586,0.2905820721605772
Infomap,58,6,1928,1936,8,0.6500224216483541,1,Entre Guerras (1920-1949),3,1.459147917027245,JPN,0.5,0.0007032805709805916,0.0003104310644542195,0.4414042947630163,0.2320622737429361
Infomap,59,3,1908,1908,0,0.0,1,Era Pioneira (1896-1919),2,0.9182958340544894,GBR,0.6666666666666666,0.0006839210535116002,0.00025824392452847034,0.37759317863153075,0.2041012378931002
Infomap,60,5,1932,1936,4,0.0,1,Entre Guerras (1920-1949),2,0.9709505944546688,JPN,0.6,0.0006149201305624449,0.00022017999108811924,0.3580627469241065,0.18953931388896472
Infomap,61,3,1956,1956,0,0.0,1,Guerra Fria (1950-1979),3,1.584962500721156,JPN,0.3333333333333333,0.0006603240204636486,0.00027137293485743016,0.41096935208700236,0.2155559806638887
Infomap,62,3,1896,1896,0,0.0,1,Era Pioneira (1896-1919),2,0.9182958340544894,GRE,0.6666666666666666,0.0006839210535116002,0.00025824392452847034,0.37759317863153075,0.2041012378931002
Infomap,63,3,2021,2021,0,0.0,1,Era Moderna (2000+),3,1.584962500721156,TUN,0.3333333333333333,0.0006400979921368328,0.0002871709178797421,0.4486358673319413,0.22604652587023244
Infomap,64,3,2021,2021,0,0.0,1,Era Moderna (2000+),2,0.9182958340544894,USA,0.6666666666666666,0.0006400979921368328,0.0002871709178797421,0.4486358673319413,0.22604652587023244
Infomap,65,48,2021,2021,0,0.0,1,Era Moderna (2000+),11,2.9907489620194876,USA,0.20833333333333334,0.0007340357209266899,0.0005072147860193463,0.6909946908019795,0.3105312324644727
Infomap,66,3,2021,2021,0,0.0,1,Era Moderna (2000+),3,1.584962500721156,NED,0.3333333333333333,0.000576723183501381,0.00019167574899702752,0.33235311927870254,0.17313073588182615
Infomap,67,4,2021,2021,0,0.0,1,Era Moderna (2000+),4,2.0,USA,0.25,0.0006786654452803713,0.00039665832838470694,0.5844681369048321,0.26950989974473183
